{
    "train_losses": [
        3.2996600341796873,
        3.158800337314606,
        2.984688627719879,
        2.6660173869132997,
        2.4584094405174257,
        2.1482654452323913,
        1.9230464494228363,
        1.7191774904727937,
        1.582275344133377,
        1.4680928921699523,
        1.3765159499645234,
        1.3117387229204178,
        1.164863983988762,
        1.1441725474596023,
        1.0932137882709503,
        1.034575127363205,
        0.9914089760184288,
        0.9400524258613586,
        0.9277944990992546,
        0.8769635671377182,
        0.8743401110172272,
        0.8108285403251648,
        0.8435442441701889,
        0.8079816460609436,
        0.769827247262001,
        0.7340988025069237,
        0.7201281042397022,
        0.7200592549145222,
        0.6798114258050919,
        0.6659789171814918,
        0.6845138610899448,
        0.6828719030320645,
        0.6113994659483433,
        0.6278162078559398,
        0.621488324701786,
        0.6296122105419636,
        0.6564161720871925,
        0.6088362427055836,
        0.5974816900491714,
        0.578578836619854,
        0.5765485512465238,
        0.5904079779982567,
        0.5470391516387463,
        0.575541071742773,
        0.5649564188718795,
        0.5536931593716145,
        0.548655746281147,
        0.5454491973668337,
        0.529083999991417,
        0.5073776079714298
    ],
    "train_accuracies": [
        5.55207026348808,
        9.441656210790464,
        14.178168130489334,
        22.9297365119197,
        29.767879548306148,
        38.393977415307404,
        43.75784190715182,
        51.19196988707654,
        54.51693851944793,
        57.65370138017566,
        61.13550815558344,
        63.08030112923463,
        66.21706398996236,
        67.47176913425345,
        68.69510664993726,
        70.82810539523211,
        71.29861982434127,
        73.27478042659975,
        73.46298619824341,
        74.5922208281054,
        75.0,
        76.97616060225847,
        76.63111668757841,
        77.44667503136763,
        78.07402760351317,
        78.95232120451693,
        79.17189460476789,
        79.4228356336261,
        81.11668757841908,
        80.45796737766625,
        80.20702634880803,
        80.33249686323714,
        82.81053952321204,
        81.6185696361355,
        82.34002509410288,
        81.71267252195734,
        80.99121706398996,
        82.27728983688833,
        83.18695106649938,
        83.65746549560853,
        83.5633626097867,
        83.03011292346298,
        84.78670012547052,
        83.6888331242158,
        83.8456712672522,
        83.87703889585947,
        84.2534504391468,
        84.59849435382685,
        84.31618569636136,
        85.28858218318695
    ],
    "test_accuracies": [
        6.909547738693467,
        9.170854271356784,
        15.577889447236181,
        25.0,
        31.78391959798995,
        37.814070351758794,
        44.97487437185929,
        46.10552763819096,
        50.879396984924625,
        51.75879396984924,
        56.53266331658291,
        56.78391959798995,
        59.79899497487437,
        64.57286432160804,
        63.5678391959799,
        67.58793969849246,
        68.71859296482413,
        63.94472361809045,
        68.5929648241206,
        72.36180904522612,
        68.96984924623115,
        71.10552763819095,
        71.98492462311557,
        70.47738693467336,
        74.2462311557789,
        72.61306532663316,
        71.98492462311557,
        76.25628140703517,
        76.75879396984925,
        72.23618090452261,
        72.98994974874371,
        78.01507537688443,
        76.75879396984925,
        74.62311557788945,
        77.1356783919598,
        79.39698492462311,
        75.87939698492463,
        75.87939698492463,
        76.38190954773869,
        81.03015075376885,
        79.02010050251256,
        77.1356783919598,
        77.76381909547739,
        79.02010050251256,
        78.39195979899498,
        79.02010050251256,
        78.76884422110552,
        78.64321608040201,
        79.02010050251256,
        78.14070351758794
    ]
}